CREATE TABLE FILM (
ID_FILM CHAR(5) PRIMARY KEY,
JUDUL VARCHAR2(100) NOT NULL,
SINOPSIS VARCHAR2(1000),
TAHUN NUMBER(4),
DURASI NUMBER(3)
);

INSERT INTO FILM VALUES ('F0101','Keluarga Cemara','Cerita keluarga Abah yang bangkrut lalu pindah ke desa.',2019,110);

INSERT INTO FILM VALUES ('F0102','Habibie Ainun 3','Film tentang kisah masa muda Ainun.',2019,96);

INSERT INTO FILM VALUES ('F0103','Taufiq','Kisah perjalanan hidup Taufiq Kiemas.',2019,105);

INSERT INTO FILM VALUES ('F0104','Buya Hamka','Film biografi ulama besar Buya Hamka.',2019,110);

CREATE TABLE THEATER (
ID_THEATER CHAR(5) PRIMARY KEY,
NAMA_THEATER VARCHAR2(50),
KELAS VARCHAR2(20),
HARGA NUMBER(10)
);

INSERT INTO THEATER VALUES ('T0101','Teater 1','REGULER',35000);

INSERT INTO THEATER VALUES ('T0102','Teater 2','REGULER',35000);

INSERT INTO THEATER VALUES ('T0103','Teater 3','PREMIUM',50000);

INSERT INTO THEATER VALUES ('T0104','Teater 4','VELVET',75000);

CREATE TABLE JADWAL (
ID_JADWAL CHAR(5) PRIMARY KEY,
ID_FILM CHAR(5),
ID_THEATER CHAR(5),
JAM_TAYANG VARCHAR2(10),

CONSTRAINT FK_JADWAL_FILM
FOREIGN KEY (ID_FILM)
REFERENCES FILM(ID_FILM),

CONSTRAINT FK_JADWAL_THEATER
FOREIGN KEY (ID_THEATER)
REFERENCES THEATER(ID_THEATER)
);

INSERT INTO JADWAL VALUES ('J0101','F0101','T0101','13:00');

INSERT INTO JADWAL VALUES ('J0102','F0102','T0102','15:00');

INSERT INTO JADWAL VALUES ('J0103','F0103','T0103','17:00');

INSERT INTO JADWAL VALUES ('J0104','F0104','T0104','19:00');

CREATE TABLE TRANSAKSI (
ID_TRANSAKSI CHAR(5) PRIMARY KEY,
ID_JADWAL CHAR(5),
JUMLAH_TIKET NUMBER(3),

CONSTRAINT FK_TRANSAKSI_JADWAL
FOREIGN KEY (ID_JADWAL)
REFERENCES JADWAL(ID_JADWAL)
);

INSERT INTO TRANSAKSI VALUES ('TR001','J0101',2);

INSERT INTO TRANSAKSI VALUES ('TR002','J0102',3);

INSERT INTO TRANSAKSI VALUES ('TR003','J0103',1);

INSERT INTO TRANSAKSI VALUES ('TR004','J0104',4);

SELECT
ID_THEATER,
KELAS,
HARGA AS HARGA_AWAL,
HARGA*0.85 AS HARGA_SETELAH_DISKON
FROM THEATER;

SELECT
j.ID_THEATER,
SUM(t.HARGA * tr.JUMLAH_TIKET) AS TOTAL_PEMASUKAN
FROM TRANSAKSI tr
JOIN JADWAL j ON tr.ID_JADWAL = j.ID_JADWAL
JOIN THEATER t ON j.ID_THEATER = t.ID_THEATER
GROUP BY j.ID_THEATER;